{"cameraMode":{"drawMode":0,"name":"Shaded","section":"Shading Mode"},"sceneLighting":false,"audioPlay":false,"sceneViewState":{"m_AlwaysRefresh":false,"showFog":true,"showSkybox":false,"showFlares":true,"showImageEffects":true,"showParticleSystems":true,"showVisualEffectGraphs":true,"m_FxEnabled":true},"in2DMode":false,"pivot":{"x":10.181337356567383,"y":1.3425532579421998,"z":10.51717472076416},"rotation":{"x":-0.0945214256644249,"y":0.12420439720153809,"z":-0.011887205764651299,"w":-0.9876796007156372},"size":12.55062484741211,"orthographic":false}